{
  "Banyuates": {
    "labels": [
      "2019",
      "2020",
      "2021",
      "2022",
      "2023",
      "2024",
      "2025",
      "2026",
      "2027"
    ],
    "historical": [
      16.4,
      16.4,
      18.85,
      15.65,
      10.7,
      5.5,
      null,
      null,
      null
    ],
    "forecast": [
      null,
      null,
      null,
      null,
      null,
      null,
      2.5356529,
      1.2486652,
      1.0147618
    ]
  },
  "Camplong": {
    "labels": [
      "2019",
      "2020",
      "2021",
      "2022",
      "2023",
      "2024",
      "2025",
      "2026",
      "2027"
    ],
    "historical": [
      1.525,
      1.525,
      8.175,
      0.7625,
      1.65,
      1.8625,
      null,
      null,
      null
    ],
    "forecast": [
      null,
      null,
      null,
      null,
      null,
      null,
      0.64550024,
      0.834815,
      0.6783315
    ]
  },
  "Jrengik": {
    "labels": [
      "2019",
      "2020",
      "2021",
      "2022",
      "2023",
      "2024",
      "2025",
      "2026",
      "2027"
    ],
    "historical": [
      15.2375,
      15.2375,
      14.9,
      10.6625,
      5.0875,
      5.425000000000001,
      null,
      null,
      null
    ],
    "forecast": [
      null,
      null,
      null,
      null,
      null,
      null,
      4.992399,
      5.0793633,
      5.088208
    ]
  },
  "KarangPenang": {
    "labels": [
      "2019",
      "2020",
      "2021",
      "2022",
      "2023",
      "2024",
      "2025",
      "2026",
      "2027"
    ],
    "historical": [
      3.93,
      3.93,
      4.76,
      3.18,
      1.83,
      1.88,
      null,
      null,
      null
    ],
    "forecast": [
      null,
      null,
      null,
      null,
      null,
      null,
      1.4120151,
      1.1226354,
      0.9523493
    ]
  },
  "Kedungdung": {
    "labels": [
      "2019",
      "2020",
      "2021",
      "2022",
      "2023",
      "2024",
      "2025",
      "2026",
      "2027"
    ],
    "historical": [
      13.045454545454543,
      13.045454545454543,
      9.72121212121212,
      7.6878787878787875,
      5.890909090909091,
      7.584848484848485,
      null,
      null,
      null
    ],
    "forecast": [
      null,
      null,
      null,
      null,
      null,
      null,
      6.8180556,
      6.721802,
      6.843444
    ]
  },
  "Ketapang": {
    "labels": [
      "2019",
      "2020",
      "2021",
      "2022",
      "2023",
      "2024",
      "2025",
      "2026",
      "2027"
    ],
    "historical": [
      5.278947368421052,
      5.278947368421052,
      2.2789473684210524,
      3.478947368421052,
      1.9157894736842105,
      1.9105263157894736,
      null,
      null,
      null
    ],
    "forecast": [
      null,
      null,
      null,
      null,
      null,
      null,
      1.467649,
      1.1303644,
      0.9354159
    ]
  },
  "Omben": {
    "labels": [
      "2019",
      "2020",
      "2021",
      "2022",
      "2023",
      "2024",
      "2025",
      "2026",
      "2027"
    ],
    "historical": [
      14.977272727272728,
      14.977272727272728,
      10.554545454545456,
      6.872727272727274,
      4.440909090909091,
      6.281818181818181,
      null,
      null,
      null
    ],
    "forecast": [
      null,
      null,
      null,
      null,
      null,
      null,
      5.4627376,
      5.242175,
      5.403574
    ]
  },
  "Pangarengan": {
    "labels": [
      "2019",
      "2020",
      "2021",
      "2022",
      "2023",
      "2024",
      "2025",
      "2026",
      "2027"
    ],
    "historical": [
      9.6,
      9.6,
      9.6,
      10.616666666666664,
      7.866666666666667,
      4.483333333333333,
      null,
      null,
      null
    ],
    "forecast": [
      null,
      null,
      null,
      null,
      null,
      null,
      6.756272,
      6.8324485,
      6.682689
    ]
  },
  "Robatal": {
    "labels": [
      "2019",
      "2020",
      "2021",
      "2022",
      "2023",
      "2024",
      "2025",
      "2026",
      "2027"
    ],
    "historical": [
      11.383333333333333,
      11.383333333333333,
      9.783333333333331,
      11.144444444444444,
      5.866666666666666,
      3.6333333333333337,
      null,
      null,
      null
    ],
    "forecast": [
      null,
      null,
      null,
      null,
      null,
      null,
      2.6771939,
      2.1323972,
      1.8534133
    ]
  },
  "Sampang": {
    "labels": [
      "2019",
      "2020",
      "2021",
      "2022",
      "2023",
      "2024",
      "2025",
      "2026",
      "2027"
    ],
    "historical": [
      6.872222222222223,
      6.872222222222223,
      4.683333333333334,
      3.822222222222222,
      7.76111111111111,
      4.716666666666667,
      null,
      null,
      null
    ],
    "forecast": [
      null,
      null,
      null,
      null,
      null,
      null,
      4.63515,
      6.2461944,
      5.107647
    ]
  },
  "Sokobanah": {
    "labels": [
      "2019",
      "2020",
      "2021",
      "2022",
      "2023",
      "2024",
      "2025",
      "2026",
      "2027"
    ],
    "historical": [
      12.842857142857143,
      12.842857142857143,
      3.5,
      8.642857142857142,
      7.871428571428572,
      3.142857142857143,
      null,
      null,
      null
    ],
    "forecast": [
      null,
      null,
      null,
      null,
      null,
      null,
      6.48576,
      4.592489,
      2.1960955
    ]
  },
  "Sreseh": {
    "labels": [
      "2019",
      "2020",
      "2021",
      "2022",
      "2023",
      "2024",
      "2025",
      "2026",
      "2027"
    ],
    "historical": [
      15.983333333333334,
      15.983333333333334,
      18.58333333333333,
      1.9416666666666669,
      1.675,
      3.308333333333333,
      null,
      null,
      null
    ],
    "forecast": [
      null,
      null,
      null,
      null,
      null,
      null,
      2.0018797,
      2.1616437,
      2.5154498
    ]
  },
  "Tambelangan": {
    "labels": [
      "2019",
      "2020",
      "2021",
      "2022",
      "2023",
      "2024",
      "2025",
      "2026",
      "2027"
    ],
    "historical": [
      11.772727272727272,
      11.772727272727272,
      12.0,
      10.181818181818182,
      5.536363636363636,
      3.627272727272727,
      null,
      null,
      null
    ],
    "forecast": [
      null,
      null,
      null,
      null,
      null,
      null,
      2.284686,
      1.883038,
      1.845191
    ]
  },
  "Torjun": {
    "labels": [
      "2019",
      "2020",
      "2021",
      "2022",
      "2023",
      "2024",
      "2025",
      "2026",
      "2027"
    ],
    "historical": [
      7.625,
      7.625,
      11.958333333333334,
      6.175,
      2.975,
      6.5,
      null,
      null,
      null
    ],
    "forecast": [
      null,
      null,
      null,
      null,
      null,
      null,
      5.537521,
      4.2837605,
      5.585385
    ]
  },
  "all_regions": {
    "labels": [
      "2019",
      "2020",
      "2021",
      "2022",
      "2023",
      "2024",
      "2025",
      "2026",
      "2027"
    ],
    "historical": [
      10.462403424687258,
      10.462403424687258,
      9.953431305536569,
      7.201373482407317,
      5.076238879124218,
      4.275463537089477,
      null,
      null,
      null
    ],
    "forecast": [
      null,
      null,
      null,
      null,
      null,
      null,
      3.836605145714286,
      3.536556542857143,
      3.335853935714286
    ]
  }
}