{
  "Banyuates": {
    "labels": [
      "2019",
      "2020",
      "2021",
      "2022",
      "2023",
      "2024",
      "2025",
      "2026",
      "2027"
    ],
    "historical": [
      16.4,
      16.4,
      18.85,
      15.65,
      10.7,
      5.5,
      null,
      null,
      null
    ],
    "forecast": [
      null,
      null,
      null,
      null,
      null,
      null,
      2.5356529,
      1.2486652,
      1.0147618
    ]
  },
  "Batu Marmar": {
    "labels": [
      "2025",
      "2026",
      "2027",
      "2025",
      "2026",
      "2027"
    ],
    "historical": [
      0.53286666,
      0.19739166,
      0.07950066,
      null,
      null,
      null
    ],
    "forecast": [
      null,
      null,
      null,
      0.53286666,
      0.19739166,
      0.07950066
    ]
  },
  "Camplong": {
    "labels": [
      "2019",
      "2020",
      "2021",
      "2022",
      "2023",
      "2024",
      "2025",
      "2026",
      "2027"
    ],
    "historical": [
      1.525,
      1.525,
      8.175,
      0.7625,
      1.65,
      1.8625,
      null,
      null,
      null
    ],
    "forecast": [
      null,
      null,
      null,
      null,
      null,
      null,
      0.64550024,
      0.834815,
      0.6783315
    ]
  },
  "Galis": {
    "labels": [
      "2025",
      "2026",
      "2027",
      "2025",
      "2026",
      "2027"
    ],
    "historical": [
      4.5849366,
      2.440221,
      1.9954886,
      null,
      null,
      null
    ],
    "forecast": [
      null,
      null,
      null,
      4.5849366,
      2.440221,
      1.9954886
    ]
  },
  "Jrengik": {
    "labels": [
      "2019",
      "2020",
      "2021",
      "2022",
      "2023",
      "2024",
      "2025",
      "2026",
      "2027"
    ],
    "historical": [
      15.2375,
      15.2375,
      14.9,
      10.6625,
      5.0875,
      5.425000000000001,
      null,
      null,
      null
    ],
    "forecast": [
      null,
      null,
      null,
      null,
      null,
      null,
      4.992399,
      5.0793633,
      5.088208
    ]
  },
  "Kadur": {
    "labels": [
      "2025",
      "2026",
      "2027",
      "2025",
      "2026",
      "2027"
    ],
    "historical": [
      -0.07459836,
      1.4659088,
      2.7428424,
      null,
      null,
      null
    ],
    "forecast": [
      null,
      null,
      null,
      -0.07459836,
      1.4659088,
      2.7428424
    ]
  },
  "Karang Penang": {
    "labels": [
      "2019",
      "2020",
      "2021",
      "2022",
      "2023",
      "2024",
      "2025",
      "2026",
      "2027"
    ],
    "historical": [
      3.93,
      3.93,
      4.76,
      3.18,
      1.83,
      1.88,
      null,
      null,
      null
    ],
    "forecast": [
      null,
      null,
      null,
      null,
      null,
      null,
      1.4120151,
      1.1226354,
      0.9523493
    ]
  },
  "Kedungdung": {
    "labels": [
      "2019",
      "2020",
      "2021",
      "2022",
      "2023",
      "2024",
      "2025",
      "2026",
      "2027"
    ],
    "historical": [
      13.045454545454543,
      13.045454545454543,
      9.72121212121212,
      7.6878787878787875,
      5.890909090909091,
      7.584848484848485,
      null,
      null,
      null
    ],
    "forecast": [
      null,
      null,
      null,
      null,
      null,
      null,
      6.8180556,
      6.721802,
      6.843444
    ]
  },
  "Ketapang": {
    "labels": [
      "2019",
      "2020",
      "2021",
      "2022",
      "2023",
      "2024",
      "2025",
      "2026",
      "2027"
    ],
    "historical": [
      5.278947368421052,
      5.278947368421052,
      2.2789473684210524,
      3.478947368421052,
      1.9157894736842105,
      1.9105263157894736,
      null,
      null,
      null
    ],
    "forecast": [
      null,
      null,
      null,
      null,
      null,
      null,
      1.467649,
      1.1303644,
      0.9354159
    ]
  },
  "Larangan": {
    "labels": [
      "2025",
      "2026",
      "2027",
      "2025",
      "2026",
      "2027"
    ],
    "historical": [
      1.2524105,
      -2.212159,
      -0.97628856,
      null,
      null,
      null
    ],
    "forecast": [
      null,
      null,
      null,
      1.2524105,
      -2.212159,
      -0.97628856
    ]
  },
  "Omben": {
    "labels": [
      "2019",
      "2020",
      "2021",
      "2022",
      "2023",
      "2024",
      "2025",
      "2026",
      "2027"
    ],
    "historical": [
      14.977272727272728,
      14.977272727272728,
      10.554545454545456,
      6.872727272727274,
      4.440909090909091,
      6.281818181818181,
      null,
      null,
      null
    ],
    "forecast": [
      null,
      null,
      null,
      null,
      null,
      null,
      5.4627376,
      5.242175,
      5.403574
    ]
  },
  "Pademawu": {
    "labels": [
      "2025",
      "2026",
      "2027",
      "2025",
      "2026",
      "2027"
    ],
    "historical": [
      4.4568133,
      3.5544853,
      3.0749912,
      null,
      null,
      null
    ],
    "forecast": [
      null,
      null,
      null,
      4.4568133,
      3.5544853,
      3.0749912
    ]
  },
  "Pakong": {
    "labels": [
      "2025",
      "2026",
      "2027",
      "2025",
      "2026",
      "2027"
    ],
    "historical": [
      0.49405614,
      5.4495025,
      0.20271203,
      null,
      null,
      null
    ],
    "forecast": [
      null,
      null,
      null,
      0.49405614,
      5.4495025,
      0.20271203
    ]
  },
  "Palenggaan": {
    "labels": [
      "2025",
      "2026",
      "2027",
      "2025",
      "2026",
      "2027"
    ],
    "historical": [
      3.0092876,
      4.0568347,
      7.001944,
      null,
      null,
      null
    ],
    "forecast": [
      null,
      null,
      null,
      3.0092876,
      4.0568347,
      7.001944
    ]
  },
  "Pamekasan": {
    "labels": [
      "2025",
      "2026",
      "2027",
      "2025",
      "2026",
      "2027"
    ],
    "historical": [
      4.9704804,
      4.8789043,
      4.641981,
      null,
      null,
      null
    ],
    "forecast": [
      null,
      null,
      null,
      4.9704804,
      4.8789043,
      4.641981
    ]
  },
  "Pangarengan": {
    "labels": [
      "2019",
      "2020",
      "2021",
      "2022",
      "2023",
      "2024",
      "2025",
      "2026",
      "2027"
    ],
    "historical": [
      9.6,
      9.6,
      9.6,
      10.616666666666664,
      7.866666666666667,
      4.483333333333333,
      null,
      null,
      null
    ],
    "forecast": [
      null,
      null,
      null,
      null,
      null,
      null,
      6.756272,
      6.8324485,
      6.682689
    ]
  },
  "Pasean": {
    "labels": [
      "2025",
      "2026",
      "2027",
      "2025",
      "2026",
      "2027"
    ],
    "historical": [
      2.1571317,
      1.9136901,
      1.7925298,
      null,
      null,
      null
    ],
    "forecast": [
      null,
      null,
      null,
      2.1571317,
      1.9136901,
      1.7925298
    ]
  },
  "Pegantenan": {
    "labels": [
      "2025",
      "2026",
      "2027",
      "2025",
      "2026",
      "2027"
    ],
    "historical": [
      1.2201264,
      1.2277803,
      1.144253,
      null,
      null,
      null
    ],
    "forecast": [
      null,
      null,
      null,
      1.2201264,
      1.2277803,
      1.144253
    ]
  },
  "Proppo": {
    "labels": [
      "2025",
      "2026",
      "2027",
      "2025",
      "2026",
      "2027"
    ],
    "historical": [
      1.9747219,
      0.96087545,
      -0.0061535984,
      null,
      null,
      null
    ],
    "forecast": [
      null,
      null,
      null,
      1.9747219,
      0.96087545,
      -0.0061535984
    ]
  },
  "Robatal": {
    "labels": [
      "2019",
      "2020",
      "2021",
      "2022",
      "2023",
      "2024",
      "2025",
      "2026",
      "2027"
    ],